Filename,Mean Brightness,Std Brightness,Max Brightness,Min Brightness,Hue Hist Feature 1,Hue Hist Feature 2,Hue Std,Contrast,Mean Saturation,Std Saturation,Max Saturation,Min Saturation,SIFT Features,Texture Contrast,Texture Dissimilarity,Texture Homogeneity,Texture Energy,Texture Correlation,Texture ASM,Excess Green Index,Excess Red Index,CIVE,ExG-ExR Ratio,CIVE Ratio,IoU Weeds,IoU Back,Max Saturation Interval,Hue Hist Feature 2 Interval,Mean Brightness Interval,ActualSlimNetwork1Preformance,ActualSlimNetwork2Preformance,ActualSlimNetwork3Preformance,ActualSlimNetwork4Preformance,ActualSqueezeNetwork1Preformance,ActualSqueezeNetwork2Preformance,ActualSqueezeNetwork3Preformance,ActualSqueezeNetwork4Preformance
frame_0020-Copia-1-_jpg.rf.99c055a4848830b9675a589fe25a290d.jpg,170.225,21.542,252.0,83.0,18,118.0,21.323,0.119,70.578,22.225,142.0,0.0,644,0.5751991421568629,0.6204382929642442,0.3188419117647058,0.8069819300269124,0.4391390931372553,0.4569934640522874,0.2847120098039216,0.5500961168781235,0.7937905839654866,0.7873109742224331,0.8610461721453285,0.30174142,0.73319036,0,1,2,0.42150655,0.5222463,0.6548738,0.7201863,0.26595405,0.2950324,0.3077968,0.30174142
frame_0020_jpg.rf.9ee0df5b2710f388b01a2dbd7b72ea1a.jpg,169.754,20.52,251.0,73.0,16,213.0,11.501,0.064,73.764,20.224,247.0,1.0,578,0.5898897058823529,0.6402768166089964,0.3245710784313726,0.7978777393310265,0.4410232843137256,0.4620991926182238,0.2876838235294119,0.5411457131872356,0.7938041376817325,0.7859942585745969,0.8598035611303345,0.123203896,0.7673059,2,2,2,0.16056941,0.2047818,0.26670903,0.2978542,0.11069309,0.12023546,0.12426,0.123203896
frame_0014_jpg.rf.bb915f4b1c73873da5a6721d46e446ff.jpg,158.125,21.889,244.0,96.0,16,143.0,19.66,0.11,65.544,24.229,129.0,0.0,400,0.3991727941176466,0.4273894655901574,0.2247855392156862,0.5295194156093812,0.3382046568627448,0.3532948865820838,0.2115196078431372,0.4115955401768551,0.8369577205882349,0.8306941256495496,0.8955646265859287,0.50717705,0.80801845,0,1,0,0.6315346,0.69668007,0.77219206,0.81591785,0.47443256,0.49841648,0.5075683,0.50717705
frame_0015_jpg.rf.050c78510941039b2322fce1e4c11950.jpg,158.413,19.568,245.0,94.0,14,170.0,15.234,0.085,64.305,20.489,120.0,0.0,328,0.3846200980392157,0.4061514801999231,0.2141850490196079,0.5169857747020375,0.3230085784313725,0.3325490196078433,0.1991421568627452,0.3964167627835447,0.8446167709165112,0.8409080234001869,0.9019288855247982,0.3892127,0.7772221,0,2,0,0.50482297,0.59255797,0.6821602,0.7511758,0.3668217,0.3830217,0.3912731,0.3892127
frame_0031-Copia-1-_jpg.rf.92c02cefca60fc41cf4a7da7e1e9cded.jpg,165.267,19.37,247.0,81.0,14,33.0,16.843,0.094,70.802,20.277,156.0,1.0,471,0.4402113970588232,0.4655747789311802,0.2276348039215686,0.5965244136870432,0.3487898284313723,0.3580469050365243,0.2108149509803922,0.4311111111111108,0.8345897865650778,0.831448577764067,0.8962745098039219,0.37969047,0.81023914,0,0,2,0.4599256,0.56227964,0.70944357,0.7990207,0.3322506,0.3679546,0.38208553,0.37969047
frame_0038-Copia-1-_jpg.rf.f88863544b717f0b5383d753343199e8.jpg,162.426,23.232,249.0,69.0,18,76.0,24.526,0.137,68.208,24.581,149.0,0.0,730,0.5714920343137254,0.6165628604382931,0.319500612745098,0.8154709727028069,0.4440104166666668,0.4601922337562477,0.2885569852941177,0.5612918108419841,0.790545472962482,0.7850680499033851,0.8588007316897348,0.5804773,0.812518,0,0,1,0.6585669,0.72589755,0.8222737,0.8741087,0.5274343,0.56415665,0.5831428,0.5804773
frame_0014-Copia-1-_jpg.rf.d9340c63cdda18bd34756ba166f54c85.jpg,150.449,29.463,246.0,34.0,16,170.0,33.693,0.188,66.136,31.518,228.0,0.0,1330,1.0248161764705883,1.2384928873510188,0.5893229166666666,1.4519953863898494,0.6472732843137258,0.7216147635524798,0.4618719362745097,0.8002460592079974,0.7128781364875657,0.6886876323096963,0.7817165527127139,0.6009822,0.7534943,2,2,0,0.68504465,0.6987313,0.7573934,0.7845747,0.5766502,0.58219993,0.6030765,0.6009822
frame_0039_jpg.rf.8372e06ff7ce36b5b1649f2dc0fb66c8.jpg,152.308,23.595,248.0,50.0,14,183.0,16.316,0.091,68.559,25.82,212.0,0.0,700,0.7517310049019609,0.8537331795463284,0.4519607843137256,1.0553171856978083,0.5099417892156863,0.5441291810841992,0.3643382352941176,0.6317262591311029,0.7678590945175613,0.7565735148666966,0.8264219567917663,0.4015359,0.7136465,2,2,0,0.5294291,0.61731684,0.7291625,0.8003858,0.36722648,0.3931206,0.39943966,0.4015359
frame_0038_jpg.rf.2c7aa4e389db6948f7d4bd804a667540.jpg,151.794,23.3,249.0,43.0,19,79.0,16.191,0.09,69.086,25.557,222.0,0.0,690,0.7768688725490197,0.8780469050365237,0.4481924019607846,1.0767243367935406,0.5215992647058827,0.5537716262975776,0.3575061274509807,0.6411380238369854,0.7632473163458238,0.7529607861277089,0.8300657799884656,0.42767462,0.72091395,2,0,0,0.559496,0.6330818,0.74206024,0.810829,0.40137154,0.4186841,0.42692783,0.42767462
frame_0033_jpg.rf.ffbd076c6fabe5aaf866a1b79e9ddb4c.jpg,163.942,22.092,249.0,42.0,19,161.0,21.479,0.12,74.213,26.306,218.0,0.0,634,0.6585937499999998,0.7599077277970016,0.3619944852941179,0.896378316032295,0.4471047794117647,0.4864436755094197,0.3006280637254903,0.5447597078046903,0.7965274165027089,0.7827161923639031,0.8557571491549106,0.5017397,0.8222394,2,1,2,0.59404427,0.6869919,0.81387734,0.8795978,0.4347826,0.4836595,0.5008078,0.5017397
frame_0000_jpg.rf.8ba895b8bfaf70c85dbfb122a1fe3bb7.jpg,169.294,20.932,248.0,85.0,19,28.0,19.553,0.109,66.739,22.422,135.0,0.0,607,0.593458946078431,0.675740099961553,0.3612591911764705,0.8239446366782003,0.4328584558823527,0.4656670511341791,0.3057444852941177,0.5367012687427914,0.7992266273751458,0.7873116078015735,0.8525996265304762,0.53412396,0.8129019,0,0,2,0.6740606,0.7582822,0.86786544,0.919237,0.47695282,0.5233619,0.53566307,0.53412396
frame_0041_jpg.rf.fb7cfb2e26ecc1c986e0cd1ef4a88eb8.jpg,172.437,18.288,249.0,64.0,14,225.0,9.278,0.053,75.836,18.92,218.0,2.0,440,0.4555453431372547,0.4872741253364093,0.2589001225490195,0.6228066128412147,0.3521139705882355,0.3678738946559017,0.2365962009803921,0.4400768935024989,0.8336828169249234,0.8273143538503199,0.8839038290311539,0.34780663,0.83029103,2,2,2,0.4406807,0.51851493,0.5905429,0.6393,0.3000054,0.33777586,0.3471638,0.34780663
frame_0009_jpg.rf.dcfae702f2cd712c1bad4f3988987b81.jpg,157.648,23.713,248.0,59.0,18,178.0,20.946,0.117,71.004,26.737,209.0,0.0,543,0.4496323529411761,0.4963629373317954,0.2530484068627452,0.5985851595540178,0.3652879901960782,0.386066897347174,0.2341758578431373,0.4481199538638982,0.8256978639872237,0.8178063501507428,0.8847971633506349,0.37737858,0.7656531,2,2,0,0.46926057,0.5721939,0.7211762,0.81310505,0.34316376,0.36692587,0.37828445,0.37737858
frame_0028_jpg.rf.629a4b43e7b40b1fe4a15a56b658fde4.jpg,160.546,19.683,248.0,73.0,20,112.0,17.803,0.099,72.901,24.167,166.0,0.0,618,0.671920955882353,0.7452364475201843,0.3747855392156862,0.9088350634371396,0.4794577205882353,0.5090811226451367,0.314093137254902,0.5769319492502883,0.778611148266479,0.7678109212000525,0.848885095044805,0.35170084,0.76932716,1,1,1,0.48485228,0.58983415,0.72492516,0.8045074,0.32218125,0.3481031,0.35401496,0.35170084
frame_0031_jpg.rf.922cb3b18a039e7d3dac5adb8b3ace2a.jpg,159.465,23.285,247.0,65.0,19,147.0,21.511,0.12,74.909,29.013,169.0,0.0,689,0.6139705882352939,0.7094655901576317,0.36968443627451,0.8456901191849292,0.446109068627451,0.483829296424452,0.3153339460784316,0.5526951172625914,0.7931921966383474,0.7796043361465711,0.8477161728662052,0.6708228,0.8622462,1,1,0,0.7307933,0.8151505,0.8998503,0.9352896,0.6183671,0.66320574,0.6723235,0.6708228
frame_0019_jpg.rf.19f72c8999bc051117fa65f2834b5f4b.jpg,159.487,21.97,246.0,95.0,15,183.0,21.885,0.122,64.352,23.24,127.0,0.0,423,0.4235600490196078,0.4565167243367937,0.2385263480392156,0.5681045751633985,0.3536458333333333,0.3683967704728953,0.221982230392157,0.4345559400230678,0.8300411592804542,0.8244221032944834,0.890663296568627,0.4550966,0.8128727,0,2,0,0.6096036,0.7005741,0.76229906,0.80388963,0.4119488,0.4413807,0.45414352,0.4550966
frame_0027-Copia-1-_jpg.rf.56a7e14966e304c7be521c88e5b4233a.jpg,165.691,20.622,250.0,80.0,18,14.0,18.229,0.102,72.186,21.007,157.0,0.0,464,0.4651501225490197,0.5160784313725489,0.2556219362745096,0.6280661284121493,0.3671721813725491,0.3891733948481351,0.2313878676470587,0.4488427527873894,0.8260501716240792,0.8178747382557682,0.8867208225201842,0.28648186,0.7625144,0,0,2,0.42345482,0.55265546,0.6916215,0.7674187,0.25620866,0.27614877,0.28851017,0.28648186
frame_0028_jpg.rf.cd7724387fae6e533449830ca7c04609.jpg,165.465,20.818,247.0,79.0,19,80.0,20.488,0.114,70.08,23.851,172.0,1.0,657,0.577374387254902,0.6538408304498269,0.3483302696078432,0.8151326412918108,0.4303462009803921,0.4593925413302575,0.3015471813725492,0.5447135717031911,0.799181352653725,0.7889449724160893,0.8538473252706057,0.5548182,0.8194291,1,0,2,0.66374856,0.74505115,0.865076,0.92675656,0.52002066,0.5504966,0.5584403,0.5548182
frame_0025_jpg.rf.49b9e94a066089555383f1c646d657ef.jpg,165.275,21.579,251.0,72.0,20,43.0,16.088,0.09,73.142,21.042,203.0,0.0,624,0.6256893382352939,0.7053594771241831,0.3541819852941175,0.851534025374856,0.4510263480392157,0.4806766628219917,0.3045496323529411,0.5527566320645906,0.7913880491775712,0.7810731476877618,0.85265597967128,0.11324166,0.7449779,2,0,2,0.1721349,0.22978334,0.2957341,0.35529006,0.09713859,0.11038648,0.11400255,0.11324166
frame_0049_jpg.rf.2c07ee4c336ce77de56eaa0bf2953e66.jpg,154.826,19.313,246.0,61.0,16,223.0,13.654,0.076,74.253,20.689,196.0,0.0,411,0.4726102941176469,0.5447597078046905,0.2578584558823532,0.6159477124183008,0.3531556372549021,0.3801153402537485,0.2285998774509806,0.4279584775086506,0.834736121851822,0.825453042853246,0.8886037105735961,0.34011164,0.8055066,1,2,0,0.4596793,0.5087573,0.5136855,0.5061591,0.29313028,0.33365095,0.33727375,0.34011164
frame_0055-Copia-1-_jpg.rf.70b21f178fe2467148caf794beb15bfe.jpg,170.086,20.601,251.0,84.0,15,176.0,17.313,0.097,72.758,22.288,150.0,0.0,444,0.432015931372549,0.4735409457900806,0.2172028186274511,0.5710880430603612,0.34203431372549,0.360476739715494,0.201669730392157,0.4144713571703188,0.8378890099591871,0.830853945837052,0.9007184436274513,0.37994236,0.8174878,0,2,2,0.49425876,0.56837994,0.56122345,0.54394174,0.33063295,0.36700824,0.3820656,0.37994236
frame_0017_jpg.rf.0a161fec64a3a14e3fbbecb21c26ccbf.jpg,160.598,23.348,249.0,59.0,18,205.0,17.652,0.099,81.727,25.833,230.0,0.0,621,0.6366115196078431,0.7201076509034985,0.3577052696078429,0.8704805843906186,0.4535539215686274,0.4816147635524798,0.2982996323529411,0.5521107266435987,0.7908636757182391,0.7817516619345237,0.8566885217039302,0.20466705,0.7743946,2,2,1,0.27667364,0.35595182,0.4574336,0.5194824,0.17976113,0.20024736,0.20457129,0.20466705
frame_0030-Copia-1-_jpg.rf.84c03ef94d98eef17e963dde52908fe3.jpg,164.392,20.025,249.0,77.0,15,72.0,17.629,0.098,68.915,20.627,164.0,0.0,465,0.4498314950980391,0.4870126874279123,0.2455729166666664,0.6151018838908109,0.362607230392157,0.3770549788542867,0.2244638480392155,0.4482122260668974,0.8272731664781299,0.8221296066737956,0.8898746575836212,0.3753591,0.7609416,1,0,2,0.5009787,0.6119555,0.7859719,0.87765217,0.34241626,0.36574778,0.37671706,0.3753591
frame_0026-Copia-1-_jpg.rf.3a7402aaa7a62b7b35f9e4392c4b3a17.jpg,165.402,19.982,251.0,80.0,11,195.0,14.561,0.081,67.115,18.508,206.0,1.0,391,0.4360753676470584,0.4765090349865437,0.2324754901960783,0.5760861207227989,0.3513633578431371,0.3701499423298733,0.2161764705882352,0.4260822760476741,0.8326666680529672,0.8254441156464369,0.8935416666666663,0.33012557,0.77982444,2,2,2,0.5323515,0.6360815,0.70872855,0.77369237,0.30183864,0.3166507,0.33197355,0.33012557
frame_0027_jpg.rf.5ac66de1a0e28ccb7d9b17aaf1f0b9d4.jpg,162.85,19.517,249.0,64.0,14,102.0,17.18,0.096,70.864,21.169,195.0,0.0,540,0.615686274509804,0.6764628988850439,0.3510569852941176,0.8458900422914255,0.4501225490196079,0.4735563244905799,0.3029564950980393,0.5517570165321032,0.7909037896527088,0.7825306796846788,0.8532679207146656,0.32038623,0.7899044,1,1,1,0.43063074,0.5524292,0.72402406,0.77860856,0.2861718,0.3168848,0.32250327,0.32038623
frame_0044_jpg.rf.32e641ab13d59bbbe1c848538516b66e.jpg,156.453,22.726,248.0,68.0,15,182.0,14.5,0.081,67.929,22.009,193.0,0.0,617,0.7969056372549018,0.8793387158785078,0.4360906862745096,1.0970088427527878,0.5229473039215689,0.5497731641676279,0.3506127450980393,0.6392156862745101,0.7646602041804247,0.756134883823058,0.8330556849436604,0.32511082,0.7354849,1,2,0,0.45618865,0.54089046,0.63670856,0.6995188,0.31233752,0.3203098,0.3272398,0.32511082
frame_0016-Copia-1-_jpg.rf.0069fe9bcfb66f1a0b610d3a5535150a.jpg,149.97,24.358,244.0,34.0,18,135.0,28.232,0.158,71.322,27.553,227.0,0.0,1071,0.8430912990196077,0.9582775855440214,0.4686274509803921,1.1830219146482122,0.5696537990196076,0.6160399846212999,0.3888480392156864,0.7006843521722417,0.7417262317173102,0.7249676930966569,0.813467832268654,0.4529044,0.7424843,2,1,0,0.5232409,0.57484865,0.6743136,0.73526895,0.41967627,0.43758672,0.45091534,0.4529044
frame_0030_jpg.rf.250b7892405d146753e4c39bf10b5464.jpg,160.242,20.881,247.0,41.0,14,70.0,17.743,0.099,71.962,25.474,242.0,0.0,590,0.6736519607843137,0.7660438292964242,0.3770526960784314,0.9073587081891582,0.475796568627451,0.5102960399846214,0.315655637254902,0.5764398308342943,0.781105904863474,0.7691117844676164,0.8482226371883593,0.42450467,0.7655397,2,0,1,0.5795981,0.6937675,0.82329863,0.88345444,0.38615546,0.41861072,0.42386398,0.42450467
frame_0013_jpg.rf.dfed2688756e77314fc062f49f39a010.jpg,161.146,25.368,247.0,39.0,18,168.0,27.692,0.155,72.47,31.221,210.0,0.0,854,0.7835631127450977,0.9117723952326032,0.4559129901960783,1.0812302960399849,0.5309283088235295,0.5724259900038451,0.3710477941176471,0.6509957708573625,0.7591596709041021,0.74630762507172,0.8228543247049946,0.6076511,0.82520264,2,2,1,0.6737325,0.7221042,0.8169088,0.87191385,0.5728633,0.5953578,0.6061832,0.6076511
frame_0039_jpg.rf.2ed0f85f1a7adca8a87b5a880d35df15.jpg,160.655,20.749,249.0,60.0,14,222.0,9.719,0.055,85.047,22.743,247.0,1.0,451,0.5007352941176472,0.5524490580545941,0.3044270833333332,0.6994232987312564,0.3794424019607845,0.4047212610534409,0.2694087009803921,0.4775394079200308,0.8217128625664529,0.8116400092400092,0.8687638838057847,0.33432615,0.83771473,2,2,1,0.44533575,0.5094655,0.58565885,0.6225899,0.27608445,0.32709172,0.33342317,0.33432615
frame_0003_jpg.rf.959701ebdbeaf399099bd9dc4a036905.jpg,163.381,24.32,248.0,68.0,20,35.0,25.26,0.141,68.141,24.992,151.0,0.0,897,0.8179993872549022,0.9561245674740476,0.505530024509804,1.1689965397923878,0.5505055147058827,0.6003229527104957,0.405376838235294,0.6909650134563634,0.7506403634012309,0.7336513067076063,0.8071985557514856,0.6049398,0.81647414,0,0,1,0.6697186,0.7619993,0.8758934,0.9159683,0.54845876,0.5889349,0.6031967,0.6049398
frame_0244_jpg.rf.b45d82e37d861781f1498c12076fa0ed.jpg,165.009,20.197,246.0,70.0,19,131.0,18.521,0.103,62.197,22.566,153.0,0.0,634,0.5761335784313723,0.6864436755094193,0.3596813725490194,0.78715878508266,0.433609068627451,0.4735101883890809,0.3071997549019605,0.5351633986928104,0.7969716233151569,0.7829895791672301,0.851574172655487,0.407096,0.7265066,0,1,2,0.5181585,0.571231,0.59960085,0.60735923,0.37924495,0.3985003,0.40742782,0.407096
frame_0020_jpg.rf.830814c66979f815696988e67d2024db.jpg,158.006,20.362,245.0,91.0,12,170.0,16.008,0.089,65.968,21.104,143.0,0.0,375,0.4008272058823528,0.4379546328335256,0.2326746323529412,0.5344405997693197,0.3386642156862745,0.3558016147635524,0.2171415441176471,0.4164859669357938,0.8368474264705877,0.8302057718837689,0.8929825367647058,0.30273545,0.7912999,0,2,0,0.38449225,0.4545379,0.57905847,0.634478,0.28190997,0.29289684,0.3020787,0.30273545
frame_0046_jpg.rf.278d595045ad4b2b84610401c48636e8.jpg,156.416,18.393,245.0,53.0,14,207.0,11.893,0.066,77.702,19.77,237.0,0.0,455,0.4967524509803922,0.5581699346405227,0.2692708333333335,0.6624529027297195,0.3612132352941177,0.3858362168396768,0.2350490196078431,0.4453056516724338,0.8320373808230647,0.8230783432511087,0.8858652321222606,0.3924005,0.82843775,2,2,0,0.53069293,0.6375208,0.7117534,0.78245175,0.3224602,0.37946248,0.38935575,0.3924005
frame_0051_jpg.rf.0316e38f283e3a777c813dc9864a7b27.jpg,161.819,16.692,247.0,83.0,14,232.0,9.759,0.055,77.326,18.881,162.0,0.0,316,0.3913909313725488,0.4340484429065746,0.2325674019607843,0.5177393310265281,0.3248468137254901,0.344975009611688,0.2150735294117648,0.3987389465590157,0.8440677780605327,0.8361345247923712,0.8942104599192622,0.3910064,0.83170176,1,2,1,0.49546424,0.5311686,0.54968107,0.5588708,0.32340962,0.37963018,0.3889262,0.3910064
frame_0011-Copia-1-_jpg.rf.35d96643e8e6e3b0f51d82bda59c0739.jpg,145.826,31.2,248.0,34.0,19,91.0,34.281,0.192,73.408,38.242,245.0,0.0,1190,0.952558210784314,1.1644752018454438,0.5553002450980395,1.3262283737024216,0.6168045343137257,0.6991464821222607,0.4456495098039217,0.7582929642445216,0.7239988235548902,0.695174458869146,0.7880921585263061,0.6750914,0.80050075,2,1,0,0.70764333,0.71868503,0.79085726,0.82896656,0.6742817,0.66802615,0.6741292,0.6750914
frame_0048_jpg.rf.0923b45b22a61fd565153fe2c2fa53ce.jpg,154.994,19.684,246.0,61.0,14,226.0,14.011,0.078,75.1,20.668,205.0,1.0,442,0.504626225490196,0.573763936947328,0.2640318627450979,0.6611303344867361,0.3639399509803923,0.389034986543637,0.2315563725490196,0.4455517108804308,0.8312774326512435,0.8227703748151545,0.8874320157927424,0.3486345,0.81171054,2,2,0,0.45384967,0.5004956,0.5296779,0.529148,0.295839,0.3410464,0.34708104,0.3486345
frame_0009_jpg.rf.73bfa7c5685161dc6707baefaf8a9937.jpg,165.972,20.601,247.0,64.0,17,78.0,21.14,0.118,69.564,25.123,170.0,0.0,594,0.6113970588235295,0.6718954248366018,0.3479013480392156,0.8471203383314113,0.4384497549019606,0.4611457131872357,0.2994332107843139,0.5452364475201849,0.797497458348021,0.7895634919768446,0.8550667434677488,0.6002964,0.84218276,1,0,2,0.6612514,0.7273313,0.8453894,0.89866513,0.57185805,0.5907614,0.60071665,0.6002964
frame_0034_jpg.rf.4afd639755fbcbf00dd2933d8d15df60.jpg,171.23,19.392,251.0,67.0,15,15.0,14.351,0.08,69.216,19.717,147.0,0.0,587,0.563158700980392,0.6388004613610148,0.338250612745098,0.7838677431757011,0.40859375,0.4388773548635142,0.294469975490196,0.5148635140330641,0.8105867772425408,0.7994992087266461,0.857103566398279,0.421495,0.83400327,0,0,2,0.5413625,0.65756476,0.76184297,0.83272254,0.37443665,0.41446674,0.42210966,0.421495
frame_0010-Copia-1-_jpg.rf.2df25039b07d076a2f9cae21e6e40f30.jpg,145.5,31.611,248.0,33.0,19,123.0,34.57,0.193,75.554,39.152,240.0,0.0,1157,0.980897671568628,1.2083506343713954,0.5670189950980393,1.3526797385620928,0.6162837009803929,0.7006382160707421,0.4422028186274511,0.7518646674356023,0.7268171910556751,0.6979405970469678,0.7912550253415849,0.6774936,0.7432055,2,1,0,0.7617887,0.78867,0.7957105,0.80253005,0.6733579,0.67418385,0.67866546,0.6774936
frame_0026_jpg.rf.b9750c9638e349095d50c3ddfa266de9.jpg,164.721,20.959,249.0,68.0,18,61.0,15.915,0.089,72.497,19.993,197.0,1.0,514,0.632245710784314,0.6909650134563629,0.3280330882352942,0.8366782006920407,0.454090073529412,0.4728027681660899,0.2856924019607844,0.5451287966166859,0.7901092658194195,0.7843520750078861,0.861355428200692,0.16734286,0.7741107,1,0,2,0.2338523,0.31453082,0.39980954,0.46752423,0.14187105,0.16535024,0.16860637,0.16734286
frame_0007-Copia-1-_jpg.rf.db84b811f37534bd308e39f6451a9116.jpg,164.169,25.396,249.0,51.0,16,69.0,32.733,0.183,59.437,24.132,226.0,0.0,1225,0.960202205882352,1.15363321799308,0.5581188725490195,1.3373317954632842,0.6291973039215683,0.6995617070357555,0.444454656862745,0.7687504805843915,0.7175565914347268,0.6936750269943027,0.7890178195146835,0.42655116,0.6238747,2,0,2,0.4835145,0.5448276,0.596754,0.62732416,0.41801995,0.4150899,0.42757547,0.42655116
frame_0018_jpg.rf.99bc2cf75b5cdb8fafa171d220dce4de.jpg,162.927,17.695,246.0,98.0,12,136.0,16.825,0.094,61.668,19.116,132.0,0.0,402,0.4108609068627452,0.4368319876970398,0.2318167892156863,0.5587850826605155,0.3381893382352944,0.348558246828143,0.2158547794117648,0.419454056132257,0.8381086069891758,0.8344014501905818,0.8936688112745099,0.39912412,0.7900758,0,1,1,0.51247567,0.59088254,0.7097314,0.75849414,0.35706627,0.39410108,0.39902216,0.39912412
frame_0043-Copia-1-_jpg.rf.9b7b499749ef72d670758389142222fe.jpg,160.369,24.714,249.0,64.0,20,83.0,24.102,0.135,69.946,25.165,153.0,0.0,806,0.9333946078431372,1.02479046520569,0.5390931372549018,1.3390849673202607,0.604595588235294,0.631311034217609,0.4217830882352942,0.750019223375625,0.7294529385986995,0.7217901575094332,0.8006429110105582,0.5939118,0.82580894,0,0,1,0.67522204,0.7502156,0.83771014,0.8874787,0.547162,0.5768244,0.5971526,0.5939118
frame_0021_jpg.rf.2386179a9ddb2a58e09402cda5b0a9ba.jpg,159.453,21.958,244.0,98.0,15,142.0,20.24,0.113,62.081,22.819,138.0,0.0,398,0.3931066176470589,0.4236216839677045,0.2282169117647058,0.5260745866974244,0.3358149509803922,0.3513110342176085,0.2146752450980391,0.412333717800846,0.8377784385813144,0.831490123012207,0.8940143814878888,0.39121583,0.7814708,0,1,0,0.49564505,0.5722563,0.65220815,0.70147616,0.36984417,0.38391545,0.39394528,0.39121583
frame_0014_jpg.rf.0999be5abf3f378a455fd34612bedb52.jpg,159.217,24.721,249.0,69.0,18,174.0,23.768,0.133,74.749,29.574,169.0,0.0,745,0.765716911764706,0.8748788927335642,0.4505055147058823,1.0627604767397156,0.5248774509803924,0.5622606689734718,0.3688878676470588,0.6473510188389083,0.760791506530153,0.7486157384928809,0.8236350687050834,0.48687103,0.78060246,1,2,0,0.54875505,0.6296523,0.7463117,0.8237968,0.44778135,0.47657043,0.4878407,0.48687103
frame_0015-Copia-1-_jpg.rf.970b775c48754e784907e6c4189db526.jpg,152.068,27.743,246.0,33.0,19,151.0,33.396,0.187,65.801,29.085,227.0,0.0,1246,0.9848498774509804,1.170211457131872,0.5605851715686274,1.3971395617070357,0.6293351715686272,0.6966705113417915,0.4426623774509803,0.7785467128027677,0.719714761311918,0.6969547021665075,0.7903663508672701,0.5921135,0.75732005,2,1,0,0.69216144,0.7203968,0.7854541,0.8160471,0.56724936,0.5703117,0.5910604,0.5921135
frame_0024-Copia-1-_jpg.rf.4d24ae4dfc2b8c388894d458fdbfa64f.jpg,161.958,22.613,250.0,54.0,19,67.0,20.012,0.112,70.865,25.797,177.0,0.0,662,0.5686121323529412,0.6616839677047288,0.3087316176470588,0.7477277970011533,0.432153799019608,0.473110342176086,0.2779411764705883,0.5209842368319874,0.7971742224199506,0.781691132144216,0.8641062932525954,0.37888902,0.7382326,1,0,1,0.5320305,0.6425467,0.7565294,0.82960427,0.35346755,0.3701532,0.37769303,0.37888902
frame_0046-Copia-1-_jpg.rf.1a2b93775402340cc91303aaca6cc57f.jpg,156.44,23.53,246.0,63.0,19,159.0,19.793,0.111,78.566,26.591,159.0,0.0,625,0.8362898284313726,0.909511726259131,0.4570772058823527,1.1532179930795852,0.5391697303921571,0.5641983852364475,0.3606617647058824,0.6530718954248368,0.758773551495167,0.7506081751701129,0.8290809239419745,0.5107596,0.8045124,1,1,0,0.6503925,0.7246873,0.82018685,0.8763912,0.45238978,0.49543306,0.5121005,0.5107596
frame_0022-Copia-1-_jpg.rf.e277c94cf3c567d07a77f29d6b5f5950.jpg,168.45,21.371,252.0,54.0,18,122.0,20.534,0.115,67.126,22.64,218.0,0.0,592,0.5707414215686275,0.6170857362552862,0.2922487745098041,0.7757170319108035,0.424142156862745,0.4447212610534407,0.2625,0.5169242599000384,0.802132949050661,0.7942145856075427,0.8717162269319494,0.39953566,0.78326,2,1,2,0.5365942,0.62174976,0.7430607,0.82580054,0.36535025,0.39466822,0.40629905,0.39953566
frame_0000-Copia-1-_jpg.rf.baa67bc64f3be13b6c01404fa4ceff3a.jpg,149.529,18.942,229.0,42.0,13,37.0,6.053,0.093,60.436,15.847,227.0,9.0,648,0.4006280637254902,0.4780007689350249,0.2543045343137254,0.4993464052287583,0.373391544117647,0.4267896962706651,0.2513633578431373,0.4438292964244522,0.8160192293829294,0.791715403577809,0.874610276095732,0.18538871,0.7740611,2,0,0,0.13310544,0.1501418,0.14915057,0.17142649,0.1431852,0.18050182,0.18661766,0.18538871
frame_0008_jpg.rf.3b5d42171093e117adc0b66dac948f98.jpg,168.014,23.119,249.0,62.0,18,198.0,21.715,0.121,76.336,25.815,217.0,0.0,668,0.7597732843137252,0.8261745482506729,0.377205882352941,1.0415378700499809,0.4793504901960784,0.5000538254517494,0.3100490196078432,0.591311034217609,0.786472876831116,0.7800329065823878,0.8516013441575723,0.3722817,0.80655205,2,2,2,0.44448075,0.5351814,0.6344408,0.68580943,0.34074074,0.36764547,0.37591383,0.3722817
frame_0041_jpg.rf.baaab678bb4d521e55e5a0dd5854ef6d.jpg,153.153,23.509,247.0,32.0,16,194.0,15.463,0.086,70.166,23.094,242.0,0.0,592,0.7717677696078431,0.8745559400230671,0.4332873774509803,1.05193387158785,0.5046721813725492,0.539331026528258,0.346338848039216,0.6161322568242983,0.7721726881583663,0.7609483480935323,0.8353385278036555,0.34847978,0.7272346,2,2,0,0.50148094,0.5959079,0.7206746,0.7950023,0.33220488,0.34636825,0.35030243,0.34847978
frame_0039-Copia-1-_jpg.rf.fae48c344720d34f928a36ede36e697d.jpg,159.01,22.05,249.0,48.0,20,135.0,20.843,0.116,74.851,26.841,160.0,0.0,623,0.5075367647058826,0.5539254133025759,0.2662377450980391,0.6873048827374092,0.3983149509803925,0.4170857362552865,0.2443014705882353,0.4865205690119187,0.811560737524189,0.8047896504749753,0.8800342416378316,0.5626131,0.812294,1,1,0,0.6753018,0.73514575,0.8183525,0.8682206,0.5238973,0.54918814,0.5624613,0.5626131
frame_0016_jpg.rf.22adf40cf4c16c6a6db693c2cc64e7c1.jpg,168.42,19.548,251.0,79.0,14,212.0,11.711,0.065,74.381,19.703,176.0,0.0,455,0.5130208333333331,0.5725028835063437,0.291191789215686,0.6876739715494041,0.3965686274509805,0.4206228373702422,0.2599111519607842,0.4844598231449443,0.8131066157736785,0.8042716224185792,0.8731443735582467,0.13875826,0.7710941,1,2,2,0.18254709,0.23844713,0.30051744,0.33362636,0.12447143,0.13330638,0.13872522,0.13875826
frame_0037_jpg.rf.825b65cccc8f7b5ff0c2ef650c281c85.jpg,154.231,23.471,248.0,50.0,19,88.0,17.56,0.098,64.964,23.574,193.0,0.0,632,0.8142922794117645,0.9384698193002694,0.4763480392156864,1.123490965013456,0.5421721813725492,0.5811303344867362,0.3767463235294119,0.6634832756632068,0.7547643944142111,0.7425459310599966,0.8213099436607219,0.5516587,0.7801838,1,0,0,0.6803462,0.75560373,0.84066576,0.8867615,0.5125163,0.54553676,0.5497062,0.5516587
frame_0025-Copia-1-_jpg.rf.f41c537d0e74eca946eb593e25288da2.jpg,160.776,20.986,249.0,40.0,17,93.0,16.657,0.093,73.291,24.36,238.0,0.0,567,0.5287377450980393,0.5931872356785851,0.2810508578431372,0.6985159554017684,0.4054840686274513,0.4314033064206071,0.2513020833333333,0.4903191080353712,0.8093628282761071,0.800010352647031,0.8773065347462514,0.38123655,0.75821805,2,1,1,0.55554885,0.6624599,0.7672768,0.8330004,0.3578292,0.372415,0.38399312,0.38123655
frame_0055_jpg.rf.440b9803a9766de971934b5a891db20f.jpg,161.556,17.231,244.0,95.0,13,216.0,12.489,0.07,75.364,20.208,142.0,0.0,334,0.3260569852941178,0.357293348712034,0.2066482843137254,0.4376778162245289,0.2916207107843139,0.3089119569396388,0.1986519607843137,0.3651518646674356,0.8576202962802766,0.850314104738693,0.901473651960784,0.41225144,0.8449813,0,2,1,0.4430767,0.52122015,0.5588881,0.5823768,0.3855147,0.40038747,0.41179866,0.41225144
frame_0059-Copia-1-_jpg.rf.5135fec08eb1bc86a75c905e2573729d.jpg,158.31,25.303,248.0,64.0,16,116.0,21.483,0.12,75.056,29.967,183.0,0.0,708,0.7685049019607842,0.8361399461745483,0.3941636029411763,1.0287735486351406,0.5177389705882354,0.5384698193002694,0.3292738970588236,0.6202229911572472,0.7653075784061941,0.759099516657994,0.8417924665624165,0.55079675,0.8160193,1,1,0,0.6400521,0.67053235,0.670917,0.66518414,0.51731265,0.53924733,0.55159944,0.55079675
frame_0045-Copia-1-_jpg.rf.dce15745b727371e26cad012bef134df.jpg,158.118,23.506,249.0,72.0,20,87.0,20.665,0.115,74.892,26.59,182.0,0.0,701,0.8571844362745095,0.954755863129566,0.4673253676470587,1.1645674740484433,0.5545496323529413,0.5829911572472134,0.3702971813725489,0.6712495194156093,0.7517041992709704,0.743478195482429,0.8243635838102206,0.59701824,0.8256178,1,0,0,0.7249331,0.8006757,0.882664,0.92594486,0.5569657,0.58630353,0.59900177,0.59701824
frame_0019-Copia-1-_jpg.rf.d5004a7b2428c4a191829983abab9ed1.jpg,161.71,23.07,252.0,60.0,16,202.0,21.041,0.118,77.345,25.137,185.0,0.0,639,0.6308670343137253,0.6864129181084193,0.3386335784313726,0.8884890426758935,0.4559589460784314,0.4747404844290656,0.2921874999999999,0.5669204152249137,0.7890297033000858,0.7828919278607857,0.858529231545559,0.27983448,0.7268216,1,2,1,0.38626608,0.490292,0.60405517,0.66690993,0.24239585,0.27242324,0.28079987,0.27983448
frame_0012_jpg.rf.8bd1ae157df2912c18f8c98816622c6b.jpg,159.502,19.477,247.0,96.0,14,165.0,20.588,0.115,63.247,21.562,121.0,0.0,438,0.403063725490196,0.4395232602845062,0.2349264705882352,0.5388850442137643,0.3395833333333334,0.3556785851595542,0.220281862745098,0.4201922337562476,0.8365125377073906,0.8304078781375752,0.8913213667820069,0.46259812,0.8174691,0,2,1,0.5662636,0.6202413,0.71165884,0.7610503,0.42170078,0.4472157,0.46317053,0.46259812
frame_0034_jpg.rf.9c450b5224745aafddee5d0425272b0b.jpg,157.648,24.905,248.0,52.0,15,40.0,21.641,0.121,66.339,24.488,171.0,0.0,733,0.8918045343137256,0.989204152249135,0.4850643382352941,1.2514417531718565,0.5684589460784317,0.6000615148019995,0.3771292892156865,0.695686274509804,0.746228584982208,0.7361037245860368,0.8218954353899744,0.44503775,0.74613875,1,0,0,0.5884261,0.70135665,0.81066686,0.87012595,0.41196102,0.4378691,0.44636804,0.44503775
frame_0019_jpg.rf.2a6da548e9e53ced8e30ea6aea1ec799.jpg,167.595,23.409,250.0,59.0,20,173.0,17.49,0.098,72.895,24.1,181.0,0.0,722,0.7117034313725489,0.7876816608996539,0.3867647058823529,0.9763783160322956,0.4973039215686277,0.5247058823529414,0.3276654411764705,0.6053210303729338,0.7720300271325359,0.762670026358852,0.8420117447431457,0.29123828,0.78973544,1,2,2,0.3626696,0.46799117,0.59177285,0.6670016,0.26314738,0.28803414,0.29258135,0.29123828
frame_0251_jpg.rf.96ea8c0d12cb3cdecc8b9c98f9836e2b.jpg,161.896,21.269,248.0,57.0,16,195.0,17.451,0.097,76.288,23.174,235.0,0.0,637,0.5976868872549017,0.6778008458285272,0.3604473039215686,0.844121491733948,0.4387714460784314,0.4715724721261051,0.3081495098039216,0.550480584390619,0.7958969778560498,0.7837744434189778,0.8510982138896278,0.19818135,0.7499919,2,2,1,0.29776806,0.37093544,0.44197732,0.46427673,0.17686066,0.19541703,0.19951008,0.19818135
frame_0012_jpg.rf.69e6a3ee5ad7853e33f54f834388df5f.jpg,163.754,24.805,249.0,47.0,20,140.0,24.44,0.137,74.626,29.225,246.0,0.0,743,0.7481311274509805,0.8626835832372163,0.4327359068627452,1.039830834294502,0.4967830882352944,0.537054978854287,0.3479319852941178,0.6123029603998461,0.7755193125235302,0.7621825045512403,0.8344061016657793,0.48145643,0.8228678,2,1,1,0.5547591,0.6315083,0.743015,0.8047181,0.4381819,0.46992025,0.4823376,0.48145643
frame_0005_jpg.rf.bf972b6f6d7416feee3a7bc09a5c707f.jpg,160.943,21.24,248.0,67.0,20,40.0,19.039,0.106,70.679,23.37,185.0,0.0,673,0.6519914215686278,0.7270742022299114,0.3915900735294118,0.91606305267205,0.4625919117647059,0.4940561322568244,0.3310508578431373,0.5795770857362557,0.7871309730095416,0.7754400749996102,0.840471682026883,0.31335998,0.7647427,1,0,1,0.37428033,0.44818872,0.572502,0.66116214,0.29677388,0.30930448,0.3142391,0.31335998
frame_0254_jpg.rf.5e760ea6364c8ec832bdc06cb525e894.jpg,156.258,23.033,246.0,62.0,20,138.0,22.228,0.124,78.103,27.889,190.0,0.0,661,0.6371783088235285,0.7382852748942718,0.3855545343137257,0.8740484429065737,0.4553462009803918,0.4946559015763168,0.3236672794117649,0.5633371780084583,0.7898998013393015,0.7759131817909755,0.8442862975224031,0.50024515,0.8158094,1,1,0,0.5430471,0.583464,0.5929868,0.5934215,0.45470837,0.4898058,0.5000735,0.50024515
frame_0040-Copia-1-_jpg.rf.a17e20afa774fb362b1de03e28109e03.jpg,164.341,21.851,248.0,72.0,17,91.0,18.429,0.103,72.702,23.684,153.0,0.0,589,0.7114276960784313,0.7702422145328724,0.3884957107843135,0.9796386005382542,0.485232843137255,0.50643598615917,0.3211550245098039,0.5924336793540944,0.7791497426275757,0.7719519633867694,0.846064561429775,0.44325516,0.81412905,0,1,2,0.55298096,0.66419005,0.7832893,0.850995,0.39622027,0.43583497,0.44492486,0.44325516
frame_0041-Copia-1-_jpg.rf.936a50c3a7eb27505a9f2bc32d7789fc.jpg,165.027,22.127,252.0,74.0,18,68.0,19.459,0.109,70.827,23.506,140.0,0.0,624,0.7082261029411768,0.7718569780853515,0.3941176470588238,0.9870665128796612,0.4910692401960786,0.5120492118415995,0.3248468137254903,0.6001384083044983,0.7754399855629857,0.7687269226043907,0.8443728216338507,0.403921,0.7798061,0,0,2,0.5754549,0.7008384,0.80588186,0.8723584,0.38034984,0.3965995,0.40463144,0.403921
frame_0054_jpg.rf.5e801df03796f6e37c60557e4ed79a8c.jpg,163.991,14.595,239.0,113.0,13,234.0,10.737,0.06,76.317,19.895,127.0,0.0,40,0.1388786764705881,0.1463283352556709,0.0779718137254902,0.1722722029988466,0.137469362745098,0.1435294117647058,0.0779411764705882,0.16879661668589,0.93140625,0.9285151864667438,0.961032475490196,0.40014774,0.8349482,0,2,2,0.43518582,0.5254314,0.5865904,0.593481,0.3744666,0.3938585,0.39945918,0.40014774
frame_0036_jpg.rf.410b189a4b0420774c34289bb5dc9f57.jpg,167.023,18.483,249.0,55.0,16,26.0,16.669,0.093,69.855,21.519,241.0,0.0,568,0.5923866421568625,0.6831833910034603,0.3433517156862746,0.8036139946174545,0.4236060049019609,0.4525643983083429,0.2925245098039217,0.5220607458669745,0.8044706300866009,0.7953783041555075,0.8587809561041612,0.5101632,0.81281453,2,0,2,0.6332058,0.7395518,0.8413506,0.8988792,0.49736747,0.49874243,0.5105876,0.5101632
frame_0037-Copia-1-_jpg.rf.514df0a9a29f87a4eaec8dfb5387f84e.jpg,168.006,21.332,248.0,85.0,18,65.0,22.171,0.124,66.513,23.324,139.0,0.0,607,0.5127144607843138,0.5547558631295658,0.2650275735294117,0.693840830449827,0.4017156862745098,0.4179777008842752,0.2448069852941177,0.4933025759323338,0.810100298886523,0.804434027288495,0.8796164035467131,0.5169236,0.7975793,0,0,2,0.6073338,0.68399864,0.8038149,0.8695285,0.48215768,0.50624347,0.51789296,0.5169236
frame_0025_jpg.rf.382782769b8e41da1eb1bd4ff0c01b9a.jpg,167.511,19.248,247.0,89.0,18,108.0,19.186,0.107,64.437,21.512,131.0,0.0,598,0.511029411764706,0.5730411380238372,0.3017310049019608,0.7068973471741636,0.3965073529411765,0.4221760861207228,0.2672334558823528,0.4911649365628603,0.8130501397391536,0.8036585163033363,0.869815725922722,0.48199254,0.79544836,0,1,2,0.5564184,0.6495711,0.7797173,0.8457034,0.43725982,0.4640593,0.4813517,0.48199254
frame_0056_jpg.rf.06d313e34af2ef375f4be15056f49065.jpg,162.03,18.585,246.0,85.0,14,88.0,16.153,0.09,66.52,18.653,128.0,0.0,342,0.4010110294117647,0.4363706266820452,0.2569393382352942,0.5420376778162247,0.3385723039215686,0.3562475970780467,0.2356770833333334,0.419131103421761,0.8369082139016174,0.8296961950223087,0.8842703827854673,0.47085947,0.8512881,0,0,1,0.48934057,0.56245655,0.60429645,0.6155734,0.4429581,0.46006024,0.471258,0.47085947
frame_0047_jpg.rf.d310c43958bb1cd0f0f824aabe926026.jpg,155.694,19.238,247.0,58.0,16,212.0,14.228,0.079,75.253,20.381,221.0,0.0,470,0.5107843137254904,0.573748558246828,0.2690563725490197,0.6814609765474816,0.3683210784313727,0.3930795847750864,0.2361519607843138,0.4524106113033448,0.8294186579945662,0.8205725303439936,0.8851771138319583,0.3209273,0.8031089,2,2,0,0.4442465,0.49037546,0.5280098,0.5424028,0.26424554,0.31163543,0.31986976,0.3209273
frame_0036_jpg.rf.9321c7a25363ad3c89cbbc01ba36403b.jpg,157.34,22.608,246.0,52.0,16,69.0,19.834,0.111,63.676,24.234,149.0,0.0,765,0.8008272058823527,0.9152633602460593,0.4821078431372549,1.1305344098423682,0.5417585784313727,0.5819146482122262,0.3840073529411766,0.6690196078431369,0.7537784399301486,0.7401623006024398,0.8174612195373441,0.47351822,0.7428276,0,0,0,0.60117203,0.67933613,0.78421956,0.8480482,0.4402437,0.4674134,0.4715419,0.47351822
frame_0243_jpg.rf.55342b5ca7f4d84d0915a6ef67886f75.jpg,163.523,19.659,247.0,73.0,15,176.0,17.51,0.098,62.208,22.45,154.0,0.0,594,0.5427236519607844,0.6345405613225683,0.3364276960784312,0.7489427143406376,0.4117493872549022,0.447843137254902,0.2911458333333334,0.5136178392925799,0.8068497466515963,0.7937671098081438,0.8588664354316389,0.31493556,0.68842566,0,2,1,0.40767807,0.44653285,0.47316745,0.4887875,0.29641658,0.3129809,0.31543085,0.31493556
frame_0058-Copia-1-_jpg.rf.62fea058d7ea3459d5188288cc05cfc7.jpg,158.776,25.217,250.0,59.0,19,98.0,23.98,0.134,73.282,30.596,198.0,0.0,820,0.8172181372549019,0.917124183006536,0.4239889705882354,1.089673202614379,0.5410232843137255,0.5694117647058825,0.3465379901960785,0.6478738946559016,0.75601186463946,0.7482615714024633,0.83438627062816,0.6701109,0.852474,1,1,0,0.74977905,0.75144655,0.7416211,0.73749727,0.629101,0.6569536,0.6702552,0.6701109
frame_0006_jpg.rf.6bcafcdc85347bd4a76eac957ee6bb2b.jpg,170.271,18.312,248.0,69.0,15,1.0,13.783,0.077,69.306,19.318,208.0,0.0,597,0.5495557598039217,0.6283890811226451,0.3169577205882354,0.7390234525182622,0.407123161764706,0.4372625913110344,0.2795189950980392,0.500653594771242,0.8102676229971322,0.7994991415094819,0.8639670739619375,0.33438206,0.7972528,2,0,2,0.41352424,0.5096925,0.6382281,0.725818,0.3197808,0.32751635,0.33291173,0.33438206
frame_0035_jpg.rf.d661e5c1ef54e1b9281f965d5d5a61eb.jpg,163.209,20.942,249.0,61.0,16,108.0,14.576,0.081,72.868,21.087,215.0,1.0,642,0.6250919117647061,0.7127566320645905,0.3739430147058824,0.8680046136101501,0.4443321078431375,0.4794925028835063,0.3170496323529412,0.549788542868128,0.7952627251203167,0.7825322968085437,0.8471147815743942,0.45721212,0.8498771,2,1,1,0.56059927,0.6470386,0.76481366,0.83860546,0.417163,0.44912001,0.45707542,0.45721212
frame_0038_jpg.rf.6b5d026ef780097105d320bd47dee751.jpg,160.759,17.67,247.0,63.0,16,38.0,13.683,0.076,75.233,20.916,164.0,0.0,451,0.4717064950980392,0.5270588235294112,0.2654718137254904,0.6324183006535943,0.3596047794117647,0.3825913110342172,0.2363664215686275,0.4427066512879661,0.8311711402604027,0.8225481029229448,0.8847094451468374,0.4128551,0.78590614,1,0,1,0.56492776,0.6541789,0.7729611,0.8465841,0.37574404,0.40526888,0.4111143,0.4128551
frame_0045_jpg.rf.b1368a36b104c63756296e1af38df178.jpg,157.516,18.671,246.0,49.0,11,202.0,14.04,0.078,74.328,19.368,235.0,1.0,476,0.5025275735294116,0.5668127643214149,0.2750000000000003,0.6761091887735486,0.3717984068627453,0.3966320645905422,0.2412990196078433,0.4571472510572854,0.8264960250999934,0.8176470945573329,0.8827032871972323,0.367241,0.81233186,2,2,0,0.51647466,0.6155329,0.72581774,0.79524654,0.30168462,0.35858417,0.36691755,0.367241
frame_0052_jpg.rf.82897ad1f94050e7b9e87ac7b2ac1d29.jpg,160.117,16.532,247.0,80.0,13,226.0,8.347,0.047,81.456,19.275,158.0,2.0,322,0.375582107843137,0.409673202614379,0.2221966911764706,0.4971780084582851,0.3164215686274509,0.3321337946943484,0.2092371323529413,0.3912495194156091,0.8475634869714667,0.841471304556996,0.8966730644463669,0.36824408,0.82637405,0,2,1,0.48962107,0.5200075,0.5257345,0.52037805,0.31609014,0.35598996,0.36498427,0.36824408
frame_0034-Copia-1-_jpg.rf.722f286762e6b56c7c712974150d29a9.jpg,165.092,20.562,250.0,80.0,15,151.0,19.117,0.107,70.363,23.613,159.0,0.0,441,0.4420802696078432,0.474340638216071,0.2342524509803921,0.603552479815456,0.3562040441176472,0.3701038062283738,0.2140012254901961,0.4351864667435605,0.830384372781918,0.8251392049332209,0.8950245098039213,0.39427224,0.75964355,1,1,2,0.5381925,0.62374747,0.7328544,0.80039936,0.33915082,0.38679162,0.39515623,0.39427224
frame_0050_jpg.rf.97daac367c7f524f71b17ff19dc08e82.jpg,154.037,18.421,247.0,68.0,18,203.0,12.725,0.071,74.667,20.274,167.0,1.0,344,0.4300704656862746,0.4955478662053058,0.2500612745098037,0.5681660899653979,0.3428768382352943,0.3696578239138795,0.2256433823529411,0.4185620915032682,0.8369899597702906,0.8272366641234545,0.8896092848904263,0.39640796,0.8237768,1,2,0,0.5466284,0.58908236,0.5967605,0.5981048,0.34645867,0.39127672,0.3973909,0.39640796
frame_0023_jpg.rf.a4304d942dde599379d1071d358c29ae.jpg,159.491,20.729,246.0,95.0,16,215.0,19.966,0.112,65.795,22.836,127.0,0.0,471,0.4260569852941175,0.4753248750480582,0.2554227941176469,0.5758246828143021,0.3496476715686274,0.3691810841983852,0.2328124999999998,0.4333564013840828,0.8326740293119506,0.8256885358012975,0.8858461288927331,0.39238682,0.787873,0,2,0,0.5240894,0.62284833,0.7353207,0.8012313,0.34980336,0.3841092,0.3915827,0.39238682
frame_0028-Copia-1-_jpg.rf.826c92b09e5742deb48d744060ebb13f.jpg,165.788,20.03,253.0,77.0,17,164.0,17.34,0.097,69.134,19.927,151.0,0.0,444,0.4524356617647057,0.4833217993079586,0.2449295343137253,0.6162091503267972,0.3628829656862744,0.3766243752402922,0.223391544117647,0.4447366397539407,0.8273426063015702,0.8221255641650514,0.890435818416733,0.28102404,0.77733916,0,2,2,0.3857922,0.51525766,0.68714476,0.75531214,0.24845536,0.27086088,0.28118122,0.28102404
frame_0058_jpg.rf.fe5b7c3fb2c33e60c52ed0df02a9ef34.jpg,164.534,18.318,244.0,91.0,10,56.0,14.361,0.08,58.153,17.061,121.0,0.0,440,0.4126838235294118,0.4505959246443674,0.2590379901960787,0.5628758169934645,0.3484681372549021,0.3663821607074201,0.2414215686274511,0.4359400230680509,0.8321322697631088,0.8250523484702197,0.8810465325836218,0.40631875,0.8038975,0,0,2,0.536445,0.5781099,0.5961976,0.6101874,0.38513783,0.40440947,0.40885636,0.40631875
frame_0026_jpg.rf.e4f544e03de6415dce4c635152ad402d.jpg,169.894,19.353,250.0,93.0,18,3.0,18.69,0.104,65.832,20.894,137.0,0.0,589,0.5169883578431372,0.5740407535563244,0.3043504901960783,0.7230911188004613,0.3998008578431377,0.4232987312572089,0.2694546568627451,0.4997616301422532,0.8116923063060068,0.8031006730790978,0.8687579296424451,0.42527068,0.79044026,0,0,2,0.54265136,0.63805187,0.76750606,0.8468468,0.3934545,0.41044775,0.4254824,0.42527068
frame_0029-Copia-1-_jpg.rf.564ac958965cc1a76e23b254366e3a47.jpg,164.134,21.373,252.0,70.0,19,53.0,20.894,0.117,69.897,22.88,187.0,0.0,473,0.4650122549019609,0.5058823529411764,0.2521292892156863,0.6355863129565551,0.3714460784313727,0.3891580161476354,0.2274969362745099,0.4544252210688196,0.8234900962647499,0.8167833427064041,0.8887126045271048,0.3173124,0.762997,1,0,2,0.45608702,0.5662499,0.710148,0.8014284,0.27598307,0.30961686,0.3197832,0.3173124
frame_0033-Copia-1-_jpg.rf.3ebaeff4363b742ffd119d5e725afb83.jpg,168.532,19.784,249.0,86.0,14,53.0,19.806,0.111,65.478,20.745,142.0,0.0,453,0.4272518382352941,0.4551480199923107,0.2385569852941175,0.596970396001538,0.3479932598039217,0.361522491349481,0.2199908088235293,0.4361091887735486,0.8338252553566671,0.828431042011339,0.8918612132352935,0.46568152,0.790563,0,0,2,0.58902234,0.6725172,0.7786862,0.8415894,0.4288652,0.4515625,0.46789968,0.46568152
frame_0002_jpg.rf.f138d48d95cdd15653758d33c85e7b98.jpg,163.796,24.24,251.0,69.0,20,92.0,23.433,0.131,68.802,24.942,153.0,0.0,868,0.7643382352941175,0.8899653979238756,0.4913756127450979,1.110080738177624,0.5294117647058821,0.5785467128027683,0.397594975490196,0.668189158016148,0.7581469949787424,0.7404659362583235,0.8104473247160853,0.6277206,0.8173672,0,1,1,0.7139683,0.7692708,0.8313514,0.86380595,0.57567,0.6169847,0.6272517,0.6277206
frame_0001_jpg.rf.af301acf48fd528c3117f9838b30a537.jpg,161.686,22.261,249.0,61.0,19,44.0,18.731,0.105,72.357,23.136,168.0,0.0,646,0.6507199754901957,0.7434986543637059,0.4091758578431372,0.9208150711264904,0.4667126225490195,0.5015301806997312,0.3377604166666669,0.5836216839677051,0.784530174492599,0.7722217094797603,0.8380964611179245,0.49794734,0.8011728,1,0,1,0.6305619,0.7190364,0.85036314,0.91156566,0.4417247,0.48356682,0.49740884,0.49794734
frame_0021-Copia-1-_jpg.rf.be08eb36423a64fb378eb165ff51a4ee.jpg,171.158,20.702,252.0,48.0,18,72.0,18.167,0.101,68.317,20.223,225.0,0.0,541,0.518826593137255,0.5533102652825832,0.2800245098039215,0.7116647443291042,0.4020373774509806,0.4171164936562858,0.2583333333333333,0.4987927720107651,0.8103381561250826,0.8046740768230686,0.8729959630911187,0.3060585,0.76506746,2,0,2,0.42703083,0.52492714,0.6718331,0.7480891,0.27103785,0.29982197,0.30981517,0.3060585
frame_0042_jpg.rf.eeca48de234d2824e38c71f321dd91bd.jpg,161.879,15.535,244.0,77.0,11,55.0,15.343,0.086,75.699,19.144,131.0,0.0,210,0.2551317401960783,0.2909188773548635,0.1379289215686274,0.3231372549019607,0.2260569852941176,0.2444444444444443,0.1350796568627451,0.2742022299115724,0.8898789828431367,0.8824056810728904,0.9327450980392152,0.33306962,0.78647774,0,0,1,0.46156102,0.5617876,0.6558735,0.7343036,0.27874076,0.32619023,0.33173937,0.33306962
frame_0249_jpg.rf.d33720f1304d383c749e18cc08dea6db.jpg,166.873,17.438,249.0,64.0,16,7.0,16.946,0.095,68.326,21.425,169.0,0.0,615,0.5152420343137254,0.5927104959630912,0.3244178921568628,0.7139407920030759,0.4004442401960783,0.4357862360630526,0.2869178921568628,0.4991618608227607,0.8108780863184513,0.7971633756539104,0.8602580322287288,0.26945478,0.7581645,1,0,2,0.3428518,0.39481527,0.43998626,0.4727172,0.24309342,0.26475894,0.2710351,0.26945478
frame_0015_jpg.rf.ed9de3cb0b4f1ea18cc4b7db26c0b95d.jpg,168.873,20.659,249.0,74.0,15,152.0,15.588,0.087,70.432,21.781,169.0,0.0,551,0.6196997549019607,0.6775701653210299,0.3485447303921569,0.8401999231064975,0.4558210784313725,0.4797385620915031,0.3058976715686275,0.5576009227220302,0.7879785455288266,0.7791123494566605,0.8512573127384431,0.27993762,0.7696758,1,1,2,0.36923277,0.4815509,0.6055144,0.68568313,0.26042154,0.2761934,0.28156453,0.27993762
frame_0042_jpg.rf.98f0a80c96fd90c484d4e7c344fab84b.jpg,155.822,22.394,246.0,40.0,15,199.0,15.661,0.087,68.712,21.416,230.0,0.0,610,0.788174019607843,0.8820453671664744,0.4357689950980393,1.0718954248366015,0.5168504901960785,0.548573625528643,0.3498927696078434,0.6303114186851213,0.7670293630568285,0.7566025508387408,0.8334351741988528,0.29762903,0.71304613,2,2,0,0.44761175,0.53006697,0.65083826,0.72863656,0.2820523,0.29517224,0.2991471,0.29762903
frame_0007_jpg.rf.497276d7fc85e6fa3bfd49a331018463.jpg,168.331,22.091,249.0,45.0,10,180.0,18.39,0.103,74.56,24.34,166.0,0.0,694,0.7246017156862745,0.7860515186466748,0.3821231617647058,1.0120415224913497,0.4791973039215688,0.4995770857362555,0.3162837009803921,0.5928181468665898,0.7837212994452395,0.7772376210558992,0.8483636586704816,0.28809354,0.7492731,1,2,2,0.3586831,0.47430104,0.58744055,0.6589793,0.2686345,0.279963,0.29073176,0.28809354
frame_0013-Copia-1-_jpg.rf.88e96021a3861984d0aeb6381cd4c2fb.jpg,149.574,29.643,246.0,33.0,17,128.0,34.381,0.192,66.26,32.259,226.0,0.0,1331,0.9893229166666666,1.2270665128796612,0.5834558823529414,1.393956170703576,0.6322457107843136,0.717508650519031,0.4564950980392161,0.7797001153402546,0.7185462480921494,0.690180776238827,0.7843651849880223,0.6462921,0.7767155,2,1,0,0.7107971,0.73442554,0.78166693,0.7942254,0.6281412,0.63210064,0.6446661,0.6462921
frame_0057-Copia-1-_jpg.rf.536929a7ba93d26a9fdd13c21d9afbf5.jpg,163.58,23.41,249.0,63.0,20,163.0,19.935,0.111,74.941,26.368,173.0,0.0,664,0.7581035539215685,0.8260976547481738,0.4023897058823527,1.036970396001537,0.4996170343137259,0.5196616685890045,0.3251225490196078,0.6060899653979237,0.7749071308257625,0.7692521546331437,0.845038677801437,0.5136835,0.820301,1,1,1,0.61895365,0.6364542,0.64102006,0.62933296,0.47420815,0.49875695,0.517296,0.5136835
frame_0010_jpg.rf.d481c9f9c7e27b0afc9380847e94ceb5.jpg,163.057,23.79,248.0,37.0,20,143.0,22.896,0.128,73.688,27.657,245.0,0.0,690,0.7067555147058827,0.7912495194156093,0.3823069852941174,0.9692579777008834,0.4699601715686277,0.4952402921953099,0.3125459558823529,0.5739331026528256,0.7874530274343745,0.7799641145349266,0.8505822672677663,0.40098116,0.7992072,2,1,1,0.47133338,0.5493866,0.67150295,0.73582965,0.36209768,0.39322102,0.40353972,0.40098116
frame_0006_jpg.rf.63ac2b799fc6ab0c5acee6642f741935.jpg,158.679,17.245,244.0,96.0,15,43.0,18.394,0.103,71.282,22.004,123.0,0.0,228,0.2578431372549019,0.2748942714340638,0.1489430147058824,0.3443598615916954,0.2391544117647058,0.2491195693963859,0.1460631127450981,0.2991464821222607,0.8822916666666668,0.8780133432842573,0.9272564338235296,0.27108464,0.7577678,0,0,0,0.31205633,0.37264785,0.4747251,0.56321955,0.23945008,0.2613519,0.27099103,0.27108464
frame_0017-Copia-1-_jpg.rf.44c83e6a48379f772663410081132f88.jpg,162.552,22.124,248.0,44.0,20,43.0,20.02,0.112,66.282,21.214,242.0,0.0,808,0.624969362745098,0.6959938485198003,0.3510723039215684,0.8698654363706265,0.4707720588235298,0.5015455594002308,0.3102941176470586,0.5810841983852365,0.7796623468774205,0.7681051591289735,0.8488961577277963,0.25489965,0.67942226,2,0,1,0.36677492,0.47364148,0.63916844,0.72571003,0.23673092,0.23982885,0.255614,0.25489965
frame_0027_jpg.rf.0e2b9b5366ff96f6dc1c20d08d59ca49.jpg,163.754,21.305,248.0,67.0,17,29.0,22.727,0.127,67.248,23.559,148.0,0.0,757,0.6004289215686275,0.6706651287966168,0.3447303921568627,0.8382314494425221,0.4500919117647061,0.4785236447520186,0.3050551470588236,0.5620607458669743,0.7897837092981991,0.779422929356575,0.8514334630911189,0.513915,0.7990009,0,0,1,0.5869925,0.6578829,0.7828443,0.85072917,0.4714017,0.5057537,0.51569104,0.513915
frame_0011_jpg.rf.5e71837fcb2fc198db76abf389e95150.jpg,162.286,24.608,249.0,38.0,20,179.0,22.241,0.124,76.936,28.336,234.0,0.0,682,0.7478247549019602,0.846289888504421,0.4070618872549019,1.0281122645136485,0.4890012254901961,0.5192156862745101,0.3293964460784314,0.6018762014609764,0.780042324223011,0.7706937217061977,0.8429329071843666,0.44377938,0.8181437,2,2,1,0.5046763,0.5735102,0.68266076,0.7459237,0.40937102,0.4312801,0.44406343,0.44377938
frame_0035-Copia-1-_jpg.rf.3d07d94992842a212ae3a431d9948a28.jpg,163.594,20.746,249.0,78.0,17,33.0,19.589,0.109,67.414,24.885,159.0,1.0,484,0.4665594362745098,0.5137408688965782,0.2507659313725489,0.6342791234140721,0.374249387254902,0.3955401768550555,0.2262561274509803,0.4550249903883129,0.8219612487246025,0.8137485304120764,0.8893121035178776,0.4337771,0.7428723,1,0,1,0.5971574,0.6867708,0.79863596,0.86923194,0.38349673,0.4287417,0.43494213,0.4337771
frame_0040_jpg.rf.4af72a67e86f366d5b6afcc7082fa12e.jpg,160.608,20.054,249.0,53.0,17,211.0,8.788,0.05,86.445,22.356,235.0,2.0,409,0.4641084558823527,0.5008381391772397,0.2785692401960786,0.6482891195693959,0.3616268382352942,0.3801153402537487,0.2527726715686275,0.4573779315647825,0.8288000171077045,0.821322616314353,0.8761540452941303,0.31324452,0.82318413,2,2,1,0.43455732,0.47109768,0.5489905,0.59035015,0.2734138,0.31510764,0.31571153,0.31324452
frame_0048-Copia-1-_jpg.rf.af81bf844d20c8b4d342ee0c603507e7.jpg,159.224,23.869,249.0,63.0,18,112.0,20.076,0.112,74.584,26.316,158.0,0.0,750,0.870986519607843,0.9412072279892348,0.4784313725490197,1.222222222222223,0.5677696078431368,0.5880507497116493,0.3819852941176471,0.7000845828527489,0.7454255296269784,0.7395966224973344,0.818506315987933,0.6038495,0.822414,0,1,0,0.6816825,0.68365276,0.67156756,0.6547593,0.56265986,0.5883852,0.6012182,0.6038495
frame_0029_jpg.rf.e4cd71c3b700a775078f7c02f85aa6b4.jpg,159.556,19.867,246.0,47.0,17,99.0,17.282,0.097,72.622,23.772,205.0,0.0,568,0.6621629901960787,0.7491118800461368,0.3635416666666669,0.8821991541714725,0.4738970588235293,0.5044059976931952,0.3056372549019608,0.5684121491733949,0.7810837581409599,0.7708583485425344,0.8528927945612632,0.40047076,0.76115996,2,1,1,0.5652519,0.6824494,0.80488014,0.8722243,0.3756739,0.39511532,0.3994772,0.40047076
frame_0036-Copia-1-_jpg.rf.ef9c55bc0a6ada8db9c93ef265658e2a.jpg,165.038,20.18,251.0,80.0,16,91.0,20.041,0.112,67.535,21.824,167.0,0.0,501,0.4785998774509802,0.515786236063053,0.2479626225490195,0.6486582083813918,0.3784160539215686,0.3925720876585932,0.2269148284313725,0.4651903114186849,0.820666457335196,0.8156866775494908,0.8886452025663203,0.4010091,0.75300956,1,1,2,0.5702609,0.6586001,0.78618443,0.86170125,0.3670701,0.38179678,0.4017509,0.4010091
frame_0053-Copia-1-_jpg.rf.95a26dc43bdd4e8af65602fc5de149ca.jpg,156.814,24.435,248.0,75.0,20,146.0,20.483,0.114,77.52,30.536,191.0,0.0,691,0.7257199754901956,0.8027374086889656,0.3938419117647059,0.9861591695501724,0.4909466911764705,0.5174932718185314,0.3233455882352942,0.593264129181084,0.7771490719201032,0.7683239867339196,0.8452736816950699,0.5985653,0.83642715,1,1,0,0.6935458,0.71334517,0.71819234,0.7014814,0.55446833,0.58523375,0.5984215,0.5985653
frame_0011_jpg.rf.90f6612af22fde8dbdfda062d5c794d4.jpg,159.535,18.353,243.0,97.0,13,209.0,19.422,0.109,65.389,21.99,127.0,0.0,440,0.408639705882353,0.4475816993464051,0.2353400735294116,0.5386236063052674,0.3450367647058822,0.3613379469434833,0.2207261029411764,0.4227604767397154,0.8337915890338031,0.8278417524759888,0.8910961829584776,0.3406109,0.7872167,0,2,1,0.43125996,0.4907563,0.6078272,0.6684153,0.31193423,0.33189788,0.34210804,0.3406109
frame_0047-Copia-1-_jpg.rf.f23ee65294a2ddf57e2aafb9ca3d6514.jpg,157.39,24.258,249.0,59.0,19,108.0,22.215,0.124,74.276,27.403,169.0,0.0,705,0.8813572303921571,0.9688427527873894,0.4806832107843138,1.2238523644752024,0.5677542892156864,0.5930180699730874,0.3763633578431374,0.6888273740868899,0.7461110103857191,0.7388694070638303,0.8220035013095672,0.52657,0.7850715,1,1,0,0.6872898,0.77214473,0.84514207,0.8955389,0.49073094,0.5128393,0.52853805,0.52657
frame_0035_jpg.rf.63abbb32f7a60bbcb14dd636cae7eee7.jpg,158.238,23.455,246.0,57.0,16,38.0,20.152,0.113,65.426,24.873,173.0,0.0,700,0.8249999999999996,0.934086889657823,0.4602328431372547,1.1402691272587469,0.5472426470588231,0.5852979623221836,0.3704044117647059,0.6690657439446375,0.7528243904171669,0.7398329331852636,0.823574854715642,0.46600917,0.73312515,1,0,0,0.60111326,0.6910889,0.8108574,0.87377465,0.42874807,0.4492034,0.46376103,0.46600917
frame_0040_jpg.rf.aab71f0c52d1e5fb3edf99dae6f38de1.jpg,152.377,24.32,247.0,52.0,15,127.0,16.674,0.093,68.87,26.682,214.0,0.0,643,0.7638327205882353,0.8589619377162633,0.4473805147058826,1.0583314109957709,0.5123314950980392,0.5431757016532107,0.3595128676470591,0.6320645905420991,0.7673564983876948,0.7572083043647847,0.8287287002325392,0.38044208,0.70020056,2,1,0,0.5312657,0.61864704,0.739934,0.8124767,0.35375357,0.36648867,0.37651294,0.38044208
frame_0031_jpg.rf.1156a4eaacbec374c6b989f859c08498.jpg,160.539,21.217,249.0,45.0,18,8.0,18.602,0.104,71.422,25.785,240.0,0.0,558,0.6739736519607838,0.7547558631295653,0.3753829656862746,0.9137254901960788,0.4790900735294115,0.5062360630526718,0.3155177696078431,0.5800999615532485,0.7792494383981735,0.7705180204394527,0.8481535231456835,0.45316774,0.7714519,2,0,1,0.60897726,0.7156248,0.84236413,0.89761984,0.4212563,0.448152,0.4509,0.45316774
frame_0023-Copia-1-_jpg.rf.af6f4ee9a981fef0e3dab137d08eea5d.jpg,160.684,21.328,246.0,61.0,20,67.0,20.634,0.115,66.601,25.681,195.0,0.0,688,0.5637408088235295,0.6249442522106882,0.3090992647058826,0.7643675509419451,0.4372702205882354,0.4667896962706652,0.2792892156862747,0.5313802383698576,0.793767888342661,0.7820785424294489,0.863325583910035,0.53212285,0.77415955,1,0,1,0.648088,0.7321316,0.842039,0.91279936,0.5079754,0.5313032,0.53232765,0.53212285
frame_0248_jpg.rf.1534ece9a596821d4a21a07afcb58373.jpg,165.09,20.214,249.0,58.0,18,89.0,17.826,0.1,66.537,23.499,192.0,0.0,637,0.6018382352941175,0.7187850826605156,0.38125,0.8224682814302191,0.450796568627451,0.4964705882352944,0.3216605392156864,0.5507574009996156,0.7892564555172682,0.7728497213304055,0.8449920980835774,0.36177233,0.7312785,1,0,2,0.4554655,0.50362,0.5462218,0.5521569,0.3344596,0.35228547,0.36380094,0.36177233
frame_0032_jpg.rf.286b3626107570a68c3a7f5aa4f8a59d.jpg,158.308,24.451,249.0,70.0,19,177.0,24.027,0.134,74.719,30.253,161.0,0.0,747,0.6587622549019613,0.7645520953479428,0.3759191176470587,0.8969011918492891,0.4605085784313726,0.5003152633602465,0.3168811274509804,0.5658592848904268,0.7888695618029532,0.7749701476139906,0.8473983564013838,0.6120263,0.8340329,1,2,0,0.69348776,0.7558146,0.85339385,0.9081197,0.5616495,0.59856033,0.61246735,0.6120263
frame_0033_jpg.rf.c97ff7903345bcfd0b8958b7887c0f85.jpg,160.249,22.516,248.0,49.0,14,109.0,18.002,0.101,66.139,23.463,199.0,0.0,678,0.7255361519607844,0.7778854286812765,0.4017616421568626,1.0170703575547868,0.5001685049019612,0.521860822760477,0.3364430147058825,0.6175932333717802,0.7715434366734653,0.7634651536222065,0.8381944051659125,0.42344195,0.71531093,2,1,1,0.6132383,0.72031444,0.8395171,0.9015894,0.3961809,0.41680852,0.42523888,0.42344195
frame_0023_jpg.rf.603bc6b3ee4c3de7704d33706240c355.jpg,164.807,21.108,249.0,69.0,19,18.0,15.738,0.088,72.807,20.344,206.0,1.0,547,0.6024969362745097,0.6751249519415606,0.3339001225490194,0.8133948481353328,0.4399662990196078,0.4666512879661668,0.2903952205882353,0.5368550557477896,0.7957663069852191,0.7866559074065683,0.8591161151960779,0.11900898,0.7428635,2,0,2,0.17849652,0.24080087,0.30842912,0.368034,0.10554426,0.11734175,0.12022306,0.11900898
frame_0053_jpg.rf.60c9a892ae908dda7dc354710d4a1508.jpg,158.792,16.623,247.0,94.0,15,246.0,8.653,0.048,81.853,20.4,146.0,0.0,307,0.3439185049019606,0.370549788542868,0.2056832107843137,0.4521491733948479,0.3005667892156862,0.3148788927335639,0.1979932598039216,0.3687043444828911,0.8540193375144173,0.8480662675859093,0.9017723651960784,0.40270254,0.8250657,0,2,0,0.53253734,0.57363063,0.56624883,0.5578868,0.36240593,0.39795566,0.40134752,0.40270254
frame_0016_jpg.rf.4099edaaef15fd75ee82ed46c5c3e05a.jpg,162.645,17.903,248.0,89.0,14,92.0,16.589,0.093,61.356,18.782,114.0,0.0,329,0.3707107843137254,0.3882660515186468,0.2045343137254902,0.4972549019607843,0.3130208333333334,0.3205690119184929,0.1926164215686275,0.3866820453671664,0.8492119987135125,0.846360343339786,0.9048835784313728,0.4088899,0.7707851,0,1,1,0.5331029,0.60861087,0.6905577,0.74108624,0.37946925,0.40093073,0.40915522,0.4088899
frame_0051-Copia-1-_jpg.rf.e0a49de5be96bb8760dc878f0a36a368.jpg,160.51,24.488,250.0,54.0,19,169.0,21.919,0.122,76.919,29.448,163.0,0.0,698,0.7711856617647057,0.8638216070742023,0.4184283088235295,1.052364475201845,0.5078890931372549,0.5381622452902732,0.3387101715686276,0.61757785467128,0.7710108714858394,0.7613869990352573,0.8384587570543991,0.6359626,0.8527663,1,2,1,0.71904343,0.7421157,0.7225473,0.7092694,0.5719869,0.61807215,0.6361781,0.6359626
frame_0043_jpg.rf.50e895ec5e799c3d7ff6b8e2a9ea497e.jpg,171.279,16.185,248.0,82.0,12,147.0,13.604,0.076,64.719,17.549,142.0,0.0,362,0.4453584558823529,0.4985313341022683,0.2377297794117647,0.5810841983852365,0.3458486519607843,0.365997693194925,0.2144148284313726,0.4191772395232602,0.8368973125166357,0.8298331911269018,0.8951197556228374,0.39264834,0.7643873,0,1,2,0.5440613,0.6281968,0.71516323,0.7713301,0.36257762,0.38661993,0.39306962,0.39264834
frame_0017_jpg.rf.a03e34a319260782432524fb17cb5d57.jpg,163.845,16.993,246.0,95.0,13,113.0,22.594,0.126,61.029,19.861,119.0,0.0,375,0.3725030637254902,0.3899730872741254,0.2153339460784314,0.5073125720876585,0.3202665441176472,0.3296885813148791,0.2043351715686275,0.3985236447520183,0.8450768218769411,0.8411318862741622,0.8989322916666664,0.5059499,0.80461097,0,1,2,0.5896387,0.6574157,0.73545295,0.7817857,0.4820703,0.49379405,0.50620717,0.5059499
frame_0247_jpg.rf.0fbfb6662292d032dd1d158c05ac2b3d.jpg,164.86,20.667,247.0,54.0,20,69.0,18.315,0.102,65.87,23.819,185.0,0.0,641,0.5874080882352938,0.7062975778546714,0.3608302696078431,0.7912187620146096,0.4390012254901959,0.4870280661284124,0.3099724264705882,0.5324259900038448,0.7948626246771792,0.7774281140493232,0.8500600614963179,0.34505337,0.69327706,1,0,2,0.45490757,0.51193404,0.5269754,0.5443621,0.32128274,0.33960775,0.34449363,0.34505337
frame_0252_jpg.rf.f685d90adb983dc8dafa4ae700342521.jpg,160.231,21.925,248.0,58.0,19,167.0,18.066,0.101,79.222,24.96,209.0,0.0,643,0.6301317401960786,0.7198000768935028,0.375612745098039,0.8824298346789697,0.4535079656862749,0.4892425990003843,0.317064950980392,0.5626143790849676,0.7902867059941567,0.7771964674502431,0.8472279799929014,0.2663564,0.7763388,2,2,1,0.35138115,0.43200073,0.46218574,0.4748997,0.22299093,0.26128775,0.27015752,0.2663564
frame_0043_jpg.rf.61bf66f9fa9539e12f0903ebef419470.jpg,156.943,22.83,249.0,61.0,16,180.0,15.015,0.084,65.984,21.358,191.0,0.0,625,0.793183210784314,0.8715417147251054,0.4329963235294116,1.08718185313341,0.5176317401960787,0.5439446366782005,0.3497549019607844,0.6345559400230681,0.7673315717942125,0.7587200709861402,0.8332988837503325,0.33233362,0.7390045,1,2,0,0.46718556,0.5531735,0.650995,0.7144678,0.3232345,0.3288438,0.33421868,0.33233362
frame_0012-Copia-1-_jpg.rf.f467286d0e6fa849209cc69b8e256131.jpg,146.295,29.796,246.0,29.0,19,149.0,33.729,0.188,71.116,35.425,231.0,0.0,1174,0.9985140931372548,1.2224375240292196,0.5730085784313722,1.3860668973471737,0.6213082107843139,0.7053440984236835,0.4456188725490196,0.759507881584006,0.7255606468900696,0.6966161212959504,0.7898294710983944,0.64761907,0.7492867,2,1,0,0.7241817,0.7685934,0.82292897,0.8393771,0.6427315,0.64073044,0.6474206,0.64761907
frame_0018_jpg.rf.f457a2bb0b3893c7af0f0b981088243d.jpg,162.452,22.083,250.0,66.0,18,133.0,16.335,0.091,70.586,22.077,165.0,0.0,576,0.6410079656862743,0.7080353710111494,0.3492493872549019,0.8626989619377166,0.4630974264705882,0.4843675509419455,0.3028645833333334,0.5648442906574398,0.7856929495497296,0.7790893183433796,0.8531623538838612,0.22755107,0.7807505,1,1,1,0.28074086,0.36984548,0.50657976,0.59077644,0.20559303,0.22785756,0.23052418,0.22755107
frame_0054-Copia-1-_jpg.rf.b843fb83d91d9046cc484a00dea9cbd1.jpg,160.789,22.808,247.0,68.0,19,152.0,18.094,0.101,78.709,24.587,145.0,0.0,535,0.6854626225490197,0.7418685121107267,0.3576746323529412,0.9268435217224148,0.4672028186274511,0.4817531718569782,0.2969209558823529,0.5676585928489046,0.787383114769847,0.7836900735020824,0.8575169891203092,0.34904528,0.81847864,0,1,1,0.44806582,0.5538913,0.57633984,0.5740585,0.30254844,0.33926177,0.3484404,0.34904528
frame_0042-Copia-1-_jpg.rf.8a060b24dd4150f5ef484376270a448e.jpg,166.665,23.274,251.0,68.0,17,96.0,20.743,0.116,68.257,22.703,156.0,0.0,714,0.7706801470588233,0.8341560938100725,0.4462009803921568,1.1004690503652443,0.5274203431372549,0.5486043829296426,0.3644301470588235,0.6561783929257976,0.7597350573973631,0.752826830293633,0.8258052034100908,0.5295921,0.826466,0,1,2,0.63300264,0.7427612,0.843429,0.89533585,0.46920532,0.50985754,0.53299594,0.5295921
frame_0022_jpg.rf.53dae559c4a0196103cba3e1e68c43a5.jpg,159.984,21.801,247.0,91.0,15,208.0,20.355,0.114,64.821,23.746,123.0,0.0,426,0.422778799019608,0.4669127258746637,0.2494178921568628,0.5697193387158787,0.3522518382352944,0.3718723567858514,0.2295036764705883,0.433125720876586,0.8308252008038444,0.8233286030241048,0.8872330954440601,0.42881262,0.79785943,0,2,1,0.5496588,0.626197,0.7241463,0.78223497,0.38423914,0.41469803,0.43060747,0.42881262
frame_0021_jpg.rf.7497bf20fb4246b58a118fc3ac2cffd8.jpg,167.834,21.513,250.0,65.0,15,149.0,17.207,0.096,73.271,20.456,210.0,0.0,613,0.6465379901960784,0.7008381391772394,0.3486979166666665,0.8927181853133411,0.4643382352941178,0.4840907343329488,0.3011795343137253,0.5693656286043831,0.785195733354795,0.7785434799091628,0.8541361195213373,0.09910257,0.7432691,2,1,2,0.14390798,0.19083653,0.24377388,0.28639802,0.08587777,0.09778954,0.09989479,0.09910257
frame_0029_jpg.rf.4233197830a89ff7b033d4db1527d333.jpg,160.982,23.376,247.0,74.0,17,166.0,19.711,0.11,76.956,28.063,154.0,0.0,644,0.5865655637254901,0.6620684352172239,0.3426623774509804,0.8206997308727414,0.4269761029411765,0.4566705113417914,0.2918964460784314,0.5313956170703579,0.8020292393013521,0.7913622708117316,0.8590916053921567,0.5727951,0.8423261,0,2,1,0.67722607,0.7537662,0.8356718,0.87670916,0.53568083,0.5633705,0.5725382,0.5727951
frame_0007_jpg.rf.679a22548e86069ff31016fcc2bc9203.jpg,158.535,21.077,249.0,82.0,16,84.0,18.412,0.103,69.959,24.143,136.0,0.0,601,0.5078124999999998,0.5658746635909264,0.2980698529411765,0.7016070742022297,0.399172794117647,0.4261437908496729,0.2666360294117648,0.4929181084198381,0.8111144613388334,0.8006085929358877,0.8697966712137342,0.66161215,0.83640796,0,0,0,0.741517,0.8230093,0.90447843,0.94500333,0.6068504,0.6565794,0.66413075,0.66161215
frame_0024_jpg.rf.d0bed58bcf73f3e3a213b941bde02fc1.jpg,164.868,21.307,249.0,71.0,16,49.0,16.088,0.09,73.14,21.285,196.0,0.0,575,0.6067861519607843,0.6730488273740871,0.3377297794117647,0.8238216070742019,0.4430912990196079,0.4674971164936564,0.293030024509804,0.5414686658977317,0.7943343688253398,0.7859436211799329,0.8579117106401383,0.11430516,0.733004,1,0,2,0.16405667,0.22046298,0.3013923,0.3609477,0.10039921,0.111184545,0.11555532,0.11430516
frame_0050-Copia-1-_jpg.rf.45774c0afdd324712a54a61bcc2fe65f.jpg,166.77,22.955,251.0,67.0,17,179.0,20.983,0.117,72.113,26.772,161.0,0.0,669,0.7272977941176474,0.8050903498654362,0.4028339460784315,1.012564398308344,0.4935355392156865,0.519446366782007,0.3301011029411766,0.6047827758554403,0.7756296883205401,0.7674804755999951,0.8421470408016147,0.5262089,0.8052375,1,2,2,0.6481079,0.673596,0.66914135,0.6582975,0.49815744,0.51923245,0.53054076,0.5262089
frame_0003-Copia-1-_jpg.rf.5d774f62a12ada2e50bc012961e75c73.jpg,149.5,20.82,244.0,38.0,17,119.0,20.316,0.113,73.586,29.04,222.0,0.0,827,0.7512561274509806,0.8871203383314105,0.5097579656862744,1.0530872741253368,0.5476409313725491,0.6058131487889271,0.4225643382352937,0.6789850057670129,0.7458883951908388,0.7240505892856798,0.7973473613144348,0.83358234,0.9152502,2,1,0,0.6644489,0.69502157,0.6956073,0.7167054,0.8319275,0.83711815,0.8358858,0.83358234
frame_0018-Copia-1-_jpg.rf.6c96d679ac7b364bcb5380a7e0577a3e.jpg,162.852,22.447,252.0,52.0,20,19.0,18.517,0.103,69.704,21.361,210.0,0.0,627,0.6246476715686274,0.6995770857362553,0.3571231617647057,0.871480199923106,0.4607077205882355,0.488489042675894,0.3058976715686274,0.5703652441368706,0.7854001357750809,0.7757697069221596,0.8520919491948358,0.2790725,0.68310064,2,0,1,0.41753417,0.5375429,0.70491356,0.799215,0.25586525,0.27332747,0.27575535,0.2790725
frame_0037_jpg.rf.81ca749e12b6bb574a6ab41c8ab15574.jpg,165.549,19.484,248.0,56.0,12,216.0,17.084,0.095,75.922,23.063,166.0,0.0,546,0.5671415441176468,0.6318492887351027,0.2940257352941177,0.7614302191464823,0.3857383578431375,0.407381776239908,0.2467830882352942,0.4676662821991543,0.8241333226400807,0.8171909118585069,0.8812299799383492,0.42635012,0.80835,1,2,2,0.5435361,0.6605717,0.7629727,0.8190534,0.3837113,0.41888398,0.42747378,0.42635012
frame_0013_jpg.rf.fcc8601bafe953e464f372e4997208af.jpg,158.487,22.147,245.0,92.0,16,185.0,20.296,0.113,68.29,25.177,135.0,0.0,440,0.4192861519607845,0.4573164167627835,0.2415747549019606,0.5655978469819305,0.3481770833333334,0.3659669357939255,0.224172794117647,0.4302960399846213,0.8329590666866293,0.8259751711190751,0.8896537990196072,0.40802622,0.8098238,0,2,0,0.51436555,0.60176253,0.7006051,0.7637713,0.36376753,0.3980414,0.41020948,0.40802622
frame_0022_jpg.rf.566c11bf756f083eb8ce7bf909b6a7ea.jpg,167.069,21.035,251.0,69.0,16,180.0,16.009,0.089,68.545,19.113,222.0,1.0,526,0.6282935049019615,0.689780853517878,0.3421262254901958,0.8619761630142246,0.4449908088235298,0.4690042291426375,0.2915134803921567,0.5451749327181856,0.7951574000679216,0.7865112933441045,0.8592785827566318,0.08962669,0.7342363,2,2,2,0.13800293,0.19012503,0.24163619,0.29430172,0.08351314,0.08883741,0.09111087,0.08962669
frame_0056-Copia-1-_jpg.rf.b72284668751876c9351432076e858e8.jpg,172.109,19.755,251.0,73.0,17,104.0,18.494,0.103,69.615,21.903,126.0,0.0,539,0.6200367647058824,0.6882891195693962,0.3279258578431372,0.8268973471741633,0.4339767156862747,0.4538562091503269,0.2772518382352941,0.5259361783929258,0.8009700428569374,0.7953787887811092,0.8664019732610239,0.48999482,0.8449482,0,1,2,0.5946937,0.635577,0.6347414,0.630662,0.42549443,0.4754795,0.48886716,0.48999482
frame_0006-Copia-1-_jpg.rf.55a659d77a886a2a9fdaf8aa4b09a50f.jpg,162.552,23.527,248.0,50.0,18,113.0,23.315,0.13,66.297,22.221,208.0,0.0,1043,0.7519761029411766,0.8777547097270277,0.4434436274509801,1.0596847366397542,0.5384957107843139,0.5889427143406382,0.3768995098039215,0.6669742406766629,0.7516295465806169,0.7334798328993317,0.8181586593913585,0.3991827,0.70160717,2,1,1,0.5023884,0.6220925,0.7588442,0.8312978,0.3688941,0.39640525,0.4070578,0.3991827
frame_0044_jpg.rf.53e4d95a4e66aa9df2ec50f8a68e4d7f.jpg,159.197,16.595,247.0,60.0,11,241.0,12.692,0.071,72.779,18.05,235.0,0.0,427,0.4638174019607845,0.5054671280276813,0.2495710784313724,0.6246366782006921,0.3552696078431376,0.3696732026143789,0.2229166666666666,0.4365244136870432,0.8328256179306134,0.828119003156658,0.8911876441753173,0.36649492,0.79659253,2,2,0,0.5062926,0.615587,0.7375397,0.81526345,0.3205366,0.36019403,0.36617327,0.36649492
frame_0057_jpg.rf.88cee5058d48da760320392c6967ddde.jpg,164.768,17.823,245.0,88.0,13,86.0,15.681,0.088,61.781,16.923,112.0,0.0,366,0.3563265931372549,0.4031680123029602,0.2275888480392156,0.4765859284890427,0.3105545343137255,0.3340868896578238,0.2162224264705882,0.38800461361015,0.8492053180534472,0.8396168137136178,0.8930254289215687,0.41197914,0.84137267,0,0,2,0.49442437,0.5792573,0.6222593,0.61832595,0.37809023,0.40737057,0.41280937,0.41197914
frame_0030_jpg.rf.958635a5383fe52bf86390829e927f94.jpg,160.822,24.378,251.0,68.0,20,173.0,22.81,0.127,74.427,30.498,164.0,0.0,804,0.6529564950980391,0.7629988465974625,0.382889093137255,0.8913494809688584,0.464169730392157,0.5070049980776627,0.3231464460784317,0.5690426758938872,0.786225277942136,0.7709846876609349,0.8443556264417533,0.63304657,0.8332187,1,2,1,0.69190115,0.7387383,0.8185604,0.85943514,0.5853649,0.62409514,0.6343481,0.63304657
frame_0032-Copia-1-_jpg.rf.650ce490beee851c451f355956a19167.jpg,167.589,20.256,249.0,83.0,20,25.0,21.235,0.119,66.443,22.578,140.0,0.0,544,0.4584405637254903,0.497854671280277,0.2513786764705882,0.6314340638216069,0.3683363970588235,0.3847597078046906,0.2331495098039216,0.4591311034217608,0.8247551307004705,0.818727395136921,0.8852459991349483,0.45238647,0.78835845,0,0,2,0.49750963,0.57329273,0.7367171,0.8168438,0.40809023,0.437157,0.45463055,0.45238647
frame_0052-Copia-1-_jpg.rf.14b52f0f9fed47a4d242f3e82658a240.jpg,157.814,25.582,250.0,66.0,17,146.0,22.817,0.127,76.192,30.851,188.0,0.0,779,0.7824448529411764,0.8809073433294883,0.4157935049019606,1.0533025759323338,0.526654411764706,0.5590618992695117,0.3421109068627449,0.6334025374855827,0.7614267189984095,0.7511144213025751,0.8362392769607839,0.6449913,0.8494588,1,1,0,0.6988766,0.69342345,0.7025891,0.6902833,0.59815794,0.63233185,0.6486898,0.6449913
frame_0004-Copia-1-_jpg.rf.b5f4af5912ae2d39b61a4e8e0946f937.jpg,145.471,37.404,245.0,12.0,20,103.0,43.43,0.243,59.218,36.974,242.0,0.0,1800,1.7027726715686282,2.118861976163013,0.9052083333333332,2.3371164936562883,0.9107077205882356,1.033371780084583,0.6349571078431372,1.09134948096886,0.6204679227529034,0.5854571091343735,0.7092786520716882,0.66714454,0.58435893,2,1,0,0.51857644,0.5264808,0.52231747,0.50427663,0.667455,0.66470975,0.66421586,0.66714454
frame_0044-Copia-1-_jpg.rf.eb3767ee07c5fd952e27b57b9201dfef.jpg,161.746,25.254,250.0,68.0,18,141.0,23.577,0.132,70.523,26.302,170.0,0.0,851,0.9703890931372552,1.060084582852748,0.5536611519607842,1.3906343713956184,0.6191942401960788,0.6442137639369472,0.4316023284313726,0.7696732026143793,0.7242749868788477,0.7172556329991704,0.7961936796433445,0.6104814,0.8128355,1,1,1,0.706663,0.7653535,0.8182734,0.86240524,0.5687775,0.5987433,0.6124556,0.6104814
frame_0032_jpg.rf.0b86a9b76ff0c077a130a0c6d68143ab.jpg,160.169,21.779,248.0,59.0,19,75.0,18.493,0.103,68.951,25.858,148.0,0.0,551,0.6787530637254902,0.7436370626682046,0.3780330882352942,0.9280738177623984,0.4809895833333336,0.5036678200692045,0.3208026960784315,0.5881737793156476,0.7785218807400368,0.7709267332622518,0.845251322531275,0.4433357,0.7412956,0,0,1,0.58796346,0.66269886,0.78600043,0.85988486,0.4126253,0.43818018,0.44466466,0.4433357
frame_0024_jpg.rf.5263c7dffcdb7ec0fd6d82c5b84097f6.jpg,160.701,22.757,248.0,96.0,16,152.0,16.592,0.093,67.881,23.813,129.0,0.0,521,0.4839767156862745,0.5296116878123799,0.271155024509804,0.6560861207227988,0.386029411764706,0.4062129950019224,0.246951593137255,0.4750173010380624,0.8167194708765857,0.8090768848041393,0.8789358960495964,0.4232224,0.78439134,0,1,1,0.5640087,0.65942127,0.7847728,0.8492476,0.37758276,0.41587153,0.4257727,0.4232224
frame_0049-Copia-1-_jpg.rf.73499de99fa4d7fd9c0c33b482949b32.jpg,157.559,25.037,249.0,58.0,19,68.0,21.238,0.119,78.248,28.013,154.0,1.0,653,0.8183670343137254,0.9030219146482124,0.4513939950980394,1.127058823529412,0.535952818627451,0.5571241830065365,0.3593903186274512,0.657793156478278,0.758953290082237,0.7536128138767233,0.8293005902870201,0.4605047,0.8140316,0,0,0,0.5753558,0.6070825,0.6048049,0.61137754,0.4165618,0.4495615,0.4629401,0.4605047
